{
    "objects": [
        {
            "name": "SM_Veh_Apc_02 (1)",
            "meshName": "SM_Veh_Apc_02.fbx",
            "position": {
                "x": -2914.013916015625,
                "y": 0.0,
                "z": -7980.00048828125
            },
            "rotation": {
                "x": 0.0,
                "y": 297.7755126953125,
                "z": 0.0
            },
            "scale": {
                "x": 1.0,
                "y": 1.0,
                "z": 1.0
            },
            "objectType": 1,
            "boxColliderCenter": {
                "x": -0.2625892162322998,
                "y": 2.035973310470581,
                "z": 0.060966018587350848
            },
            "boxColliderSize": {
                "x": 4.809999942779541,
                "y": 3.1574387550354006,
                "z": 12.300000190734864
            }
        },
        {
            "name": "SM_Veh_Apc_02 (2)",
            "meshName": "SM_Veh_Apc_02.fbx",
            "position": {
                "x": 851.0,
                "y": 0.0,
                "z": -7142.4970703125
            },
            "rotation": {
                "x": 0.0,
                "y": 297.7755126953125,
                "z": 0.0
            },
            "scale": {
                "x": 1.0,
                "y": 1.0,
                "z": 1.0
            },
            "objectType": 1,
            "boxColliderCenter": {
                "x": -0.2625892162322998,
                "y": 2.035973310470581,
                "z": 0.060966018587350848
            },
            "boxColliderSize": {
                "x": 4.809999942779541,
                "y": 3.1574387550354006,
                "z": 12.300000190734864
            }
        },
        {
            "name": "SM_Env_Plant_Flower_Large_02",
            "meshName": "SM_Env_Plant_Flower_Large_02.fbx",
            "position": {
                "x": -3271.17529296875,
                "y": 33.162689208984378,
                "z": -9222.3330078125
            },
            "rotation": {
                "x": 0.0,
                "y": 0.0,
                "z": 0.0
            },
            "scale": {
                "x": 1.0,
                "y": 1.0,
                "z": 1.0
            },
            "objectType": 2,
            "boxColliderCenter": {
                "x": 0.0,
                "y": 0.0,
                "z": 0.0
            },
            "boxColliderSize": {
                "x": 0.0,
                "y": 0.0,
                "z": 0.0
            }
        }
    ]
}