{
    "objects": [
        {
            "name": "SM_Env_Ground_04 (16)",
            "meshName": "SM_Env_Ground_04.fbx",
            "position": {
                "x": -11000.0,
                "y": -20.000076293945314,
                "z": 32600.0
            },
            "rotation": {
                "x": 0.0,
                "y": 156.77149963378907,
                "z": 0.0
            },
            "scale": {
                "x": 9.915781021118164,
                "y": 38.90795135498047,
                "z": 4.040383338928223
            },
            "objectType": 1,
            "boxColliderCenter": {
                "x": 0.7639163136482239,
                "y": 1.1753593683242798,
                "z": -6.3739914894104
            },
            "boxColliderSize": {
                "x": 64.38400268554688,
                "y": 8.300000190734864,
                "z": 31.899999618530275
            }
        },
        {
            "name": "SM_Veh_Apc_02 (1)",
            "meshName": "SM_Veh_Apc_02.fbx",
            "position": {
                "x": -1598.013916015625,
                "y": 0.0,
                "z": 185.498046875
            },
            "rotation": {
                "x": 0.0,
                "y": 297.7755126953125,
                "z": 0.0
            },
            "scale": {
                "x": 1.0,
                "y": 1.0,
                "z": 1.0
            },
            "objectType": 1,
            "boxColliderCenter": {
                "x": -0.2625892162322998,
                "y": 2.035973310470581,
                "z": 0.060966018587350848
            },
            "boxColliderSize": {
                "x": 4.809999942779541,
                "y": 3.1574387550354006,
                "z": 12.300000190734864
            }
        },
        {
            "name": "SM_Veh_Apc_02 (2)",
            "meshName": "SM_Veh_Apc_02.fbx",
            "position": {
                "x": 620.0,
                "y": 0.0,
                "z": 950.0
            },
            "rotation": {
                "x": 0.0,
                "y": 11.521546363830567,
                "z": 0.0
            },
            "scale": {
                "x": 1.0,
                "y": 1.0,
                "z": 1.0
            },
            "objectType": 1,
            "boxColliderCenter": {
                "x": -0.2625892162322998,
                "y": 2.035973310470581,
                "z": 0.060966018587350848
            },
            "boxColliderSize": {
                "x": 4.809999942779541,
                "y": 3.1574387550354006,
                "z": 12.300000190734864
            }
        },
        {
            "name": "SM_Env_Plant_Flower_Large_02",
            "meshName": "SM_Env_Plant_Flower_Large_02.fbx",
            "position": {
                "x": 0.0,
                "y": 0.0,
                "z": 0.0
            },
            "rotation": {
                "x": 0.0,
                "y": 0.0,
                "z": 0.0
            },
            "scale": {
                "x": 1.0,
                "y": 1.0,
                "z": 1.0
            },
            "objectType": 2,
            "boxColliderCenter": {
                "x": 0.0,
                "y": 0.0,
                "z": 0.0
            },
            "boxColliderSize": {
                "x": 0.0,
                "y": 0.0,
                "z": 0.0
            }
        },
        {
            "name": "SM_Env_Ground_04 (33)",
            "meshName": "SM_Env_Ground_04.fbx",
            "position": {
                "x": 29100.0,
                "y": -2400.0,
                "z": 8200.0
            },
            "rotation": {
                "x": 0.0,
                "y": 266.877685546875,
                "z": 0.0
            },
            "scale": {
                "x": 9.915782928466797,
                "y": 46.546817779541019,
                "z": 9.915788650512696
            },
            "objectType": 1,
            "boxColliderCenter": {
                "x": 0.7639163136482239,
                "y": 1.1753593683242798,
                "z": -6.373992443084717
            },
            "boxColliderSize": {
                "x": 64.38400268554688,
                "y": 5.099999904632568,
                "z": 18.270000457763673
            }
        },
        {
            "name": "SM_Env_Ground_04 (20)",
            "meshName": "SM_Env_Ground_04.fbx",
            "position": {
                "x": 24700.0,
                "y": -20.000076293945314,
                "z": -20100.0
            },
            "rotation": {
                "x": 0.0,
                "y": 292.00006103515627,
                "z": 0.0
            },
            "scale": {
                "x": 9.91578483581543,
                "y": 38.1812858581543,
                "z": 7.13500452041626
            },
            "objectType": 1,
            "boxColliderCenter": {
                "x": 0.7639161348342896,
                "y": 1.1753592491149903,
                "z": -6.373991012573242
            },
            "boxColliderSize": {
                "x": 64.38398742675781,
                "y": 6.400000095367432,
                "z": 19.200000762939454
            }
        },
        {
            "name": "SM_Env_Ground_04 (19)",
            "meshName": "SM_Env_Ground_04.fbx",
            "position": {
                "x": 10600.0,
                "y": -2550.0,
                "z": -26900.0
            },
            "rotation": {
                "x": 0.0,
                "y": 0.7736648321151733,
                "z": 0.0
            },
            "scale": {
                "x": 9.91578483581543,
                "y": 39.65580368041992,
                "z": 4.395557403564453
            },
            "objectType": 1,
            "boxColliderCenter": {
                "x": 0.763916015625,
                "y": 1.1753593683242798,
                "z": -6.373990058898926
            },
            "boxColliderSize": {
                "x": 89.30000305175781,
                "y": 7.099999904632568,
                "z": 27.200000762939454
            }
        },
        {
            "name": "SM_Env_Ground_04 (18)",
            "meshName": "SM_Env_Ground_04.fbx",
            "position": {
                "x": -19800.0,
                "y": -1140.0001220703125,
                "z": -24900.0
            },
            "rotation": {
                "x": 0.0,
                "y": 11.7738676071167,
                "z": 0.0
            },
            "scale": {
                "x": 9.915782928466797,
                "y": 28.785737991333009,
                "z": 5.916749000549316
            },
            "objectType": 2,
            "boxColliderCenter": {
                "x": 0.0,
                "y": 0.0,
                "z": 0.0
            },
            "boxColliderSize": {
                "x": 0.0,
                "y": 0.0,
                "z": 0.0
            }
        },
        {
            "name": "SM_Env_Ground_04 (17)",
            "meshName": "SM_Env_Ground_04.fbx",
            "position": {
                "x": -26000.0,
                "y": -1410.0,
                "z": -4300.0
            },
            "rotation": {
                "x": 0.0,
                "y": 87.00421142578125,
                "z": 0.0
            },
            "scale": {
                "x": 11.22622299194336,
                "y": 29.800565719604493,
                "z": 4.721006393432617
            },
            "objectType": 1,
            "boxColliderCenter": {
                "x": 0.763916015625,
                "y": 1.1753592491149903,
                "z": -6.373990058898926
            },
            "boxColliderSize": {
                "x": 64.38397979736328,
                "y": 7.0,
                "z": 21.399999618530275
            }
        },
        {
            "name": "SM_Env_Ground_04 (21)",
            "meshName": "SM_Env_Ground_04.fbx",
            "position": {
                "x": -27500.0,