{
    "objects": [
        {
            "name": "SM_Env_Ground_04 (16)",
            "meshName": "SM_Env_Ground_04.fbx",
            "position": {
                "x": -11000.0,
                "y": -20.000076293945314,
                "z": 32600.0
            },
            "rotation": {
                "x": 0.0,
                "y": 156.77149963378907,
                "z": 0.0
            },
            "scale": {
                "x": 9.915781021118164,
                "y": 38.90795135498047,
                "z": 4.040383338928223
            },
            "objectType": 1,
            "boxColliderCenter": {
                "x": 0.7639163136482239,
                "y": 1.1753593683242798,
                "z": -6.3739914894104
            },
            "boxColliderSize": {
                "x": 64.38400268554688,
                "y": 8.300000190734864,
                "z": 31.899999618530275
            }
        },
        {
            "name": "SM_Veh_Apc_02 (1)",
            "meshName": "SM_Veh_Apc_02.fbx",
            "position": {
                "x": -1598.013916015625,
                "y": 0.0,
                "z": 185.498046875
            },
            "rotation": {
                "x": 0.0,
                "y": 297.7755126953125,
                "z": 0.0
            },
            "scale": {
                "x": 1.0,
                "y": 1.0,
                "z": 1.0
            },
            "objectType": 1,
            "boxColliderCenter": {
                "x": -0.2625892162322998,
                "y": 2.035973310470581,
                "z": 0.060966018587350848
            },
            "boxColliderSize": {
                "x": 4.809999942779541,
                "y": 3.1574387550354006,
                "z": 12.300000190734864
            }
        },
        {
            "name": "SM_Veh_Apc_02 (2)",
            "meshName": "SM_Veh_Apc_02.fbx",
            "position": {
                "x": 620.0,
                "y": 0.0,
                "z": 950.0
            },
            "rotation": {
                "x": 0.0,
                "y": 11.521546363830567,
                "z": 0.0
            },
            "scale": {
                "x": 1.0,
                "y": 1.0,
                "z": 1.0
            },
            "objectType": 1,
            "boxColliderCenter": {
                "x": -0.2625892162322998,
                "y": 2.035973310470581,
                "z": 0.060966018587350848
            },
            "boxColliderSize": {
                "x": 4.809999942779541,
                "y": 3.1574387550354006,
                "z": 12.300000190734864
            }
        },
        {
            "name": "SM_Env_Plant_Flower_Large_02",
            "meshName": "SM_Env_Plant_Flower_Large_02.fbx",
            "position": {
                "x": 0.0,
                "y": 0.0,
                "z": 0.0
            },
            "rotation": {
                "x": 0.0,
                "y": 0.0,
                "z": 0.0
            },
            "scale": {
                "x": 1.0,
                "y": 1.0,
                "z": 1.0
            },
            "objectType": 2,
            "boxColliderCenter": {
                "x": 0.0,
                "y": 0.0,
                "z": 0.0
            },
            "boxColliderSize": {
                "x": 0.0,
                "y": 0.0,
                "z": 0.0
            }
        }
    ]
}